<?xml version="1.0" encoding="UTF-8"?>

<BugCollection version="1.3.4-rc1" sequence="0" timestamp="1237179474781" analysisTimestamp="1237179476187" release="">
  <Project filename="&lt;&lt;unnamed project&gt;&gt;" projectName="">
    <Jar>O:\fb-contrib\fb-contrib-3.8.1.jar</Jar>
    <AuxClasspathEntry>O:\fb-contrib\samples\lib\jsp-api.jar</AuxClasspathEntry>
    <AuxClasspathEntry>O:\fb-contrib\lib\findbugs.jar</AuxClasspathEntry>
    <AuxClasspathEntry>O:\fb-contrib\lib\bcel.jar</AuxClasspathEntry>
  </Project>
  <Errors></Errors>
  <FindBugsSummary timestamp="Sun, 15 Mar 2009 23:57:54 -0500" total_classes="0" total_bugs="0" total_size="0" num_packages="0" cpu_seconds="4.30" clock_seconds="4.95" peak_mbytes="32.89" alloc_mbytes="793.88" gc_seconds="0.95"></FindBugsSummary>
  <ClassFeatures></ClassFeatures>
  <History></History>
</BugCollection>
